START TRANSACTION;

INSERT INTO dataclonertestdatabase.offices VALUES('4IE5W4dBlh',@city0,@phone0,@addressLine10,@addressLine20,@state0,@country0,@postalCode0,@territory0);
INSERT INTO dataclonertestdatabase.employees VALUES('2095',@lastName1,@firstName1,@extension1,@email1,'4IE5W4dBlh',@reportsTo1,@jobTitle1);
INSERT INTO dataclonertestdatabase.employees VALUES('2096',@lastName2,@firstName2,@extension2,@email2,'4IE5W4dBlh','2095',@jobTitle2);
INSERT INTO dataclonertestdatabase.employees VALUES('2097',@lastName3,@firstName3,@extension3,@email3,'4IE5W4dBlh','2096',@jobTitle3);
INSERT INTO dataclonertestdatabase.offices VALUES('Qt9lbkxR4Z',@city4,@phone4,@addressLine14,@addressLine24,@state4,@country4,@postalCode4,@territory4);
INSERT INTO dataclonertestdatabase.employees VALUES('2098',@lastName5,@firstName5,@extension5,@email5,'Qt9lbkxR4Z','2097',@jobTitle5);
INSERT INTO dataclonertestdatabase.customers VALUES('1085',@customerName6,@contactLastName6,@contactFirstName6,@phone6,@addressLine16,@addressLine26,@city6,@state6,@postalCode6,@country6,'2098',@creditLimit6);
INSERT INTO dataclonertestdatabase.orders VALUES('11798',@orderDate7,@requiredDate7,@shippedDate7,@status7,@comments7,'1085');
INSERT INTO dataclonertestdatabase.productlines VALUES('5cgsVE13eZkqzjb6AtVD2nTB4ce3TxhE512cAByP1MVcjDGjqb',@textDescription8,@htmlDescription8,@image8);
INSERT INTO dataclonertestdatabase.products VALUES('Ah400iVaZqdErwZ',@productName9,'5cgsVE13eZkqzjb6AtVD2nTB4ce3TxhE512cAByP1MVcjDGjqb',@productScale9,@productVendor9,@productDescription9,@quantityInStock9,@buyPrice9,@MSRP9);
INSERT INTO dataclonertestdatabase.orderdetails VALUES('11798','Ah400iVaZqdErwZ',@quantityOrdered10,@priceEach10,@orderLineNumber10);
INSERT INTO dataclonertestdatabase.productlines VALUES('FJAgZWMuzWVOueu1dLxfQzbNhTmYfDUeh1KqsFPPQn0r7wWDvE',@textDescription11,@htmlDescription11,@image11);
INSERT INTO dataclonertestdatabase.products VALUES('chrAZrhiFxSx0AO',@productName12,'FJAgZWMuzWVOueu1dLxfQzbNhTmYfDUeh1KqsFPPQn0r7wWDvE',@productScale12,@productVendor12,@productDescription12,@quantityInStock12,@buyPrice12,@MSRP12);
INSERT INTO dataclonertestdatabase.orderdetails VALUES('11798','chrAZrhiFxSx0AO',@quantityOrdered13,@priceEach13,@orderLineNumber13);
INSERT INTO dataclonertestdatabase.productlines VALUES('jn4C2qpxTUTl8HdeJQYwnGWPIXO0kPDvbra3MfqJzVynX93evQ',@textDescription14,@htmlDescription14,@image14);
INSERT INTO dataclonertestdatabase.products VALUES('6kAFawdzoqwbjPA',@productName15,'jn4C2qpxTUTl8HdeJQYwnGWPIXO0kPDvbra3MfqJzVynX93evQ',@productScale15,@productVendor15,@productDescription15,@quantityInStock15,@buyPrice15,@MSRP15);
INSERT INTO dataclonertestdatabase.orderdetails VALUES('11798','6kAFawdzoqwbjPA',@quantityOrdered16,@priceEach16,@orderLineNumber16);
INSERT INTO dataclonertestdatabase.products VALUES('LZP2gUmdM0GqGSO',@productName17,'jn4C2qpxTUTl8HdeJQYwnGWPIXO0kPDvbra3MfqJzVynX93evQ',@productScale17,@productVendor17,@productDescription17,@quantityInStock17,@buyPrice17,@MSRP17);
INSERT INTO dataclonertestdatabase.orderdetails VALUES('11798','LZP2gUmdM0GqGSO',@quantityOrdered18,@priceEach18,@orderLineNumber18);
INSERT INTO dataclonertestdatabase.products VALUES('3JBF4Gq0pg26S6D',@productName19,'jn4C2qpxTUTl8HdeJQYwnGWPIXO0kPDvbra3MfqJzVynX93evQ',@productScale19,@productVendor19,@productDescription19,@quantityInStock19,@buyPrice19,@MSRP19);
INSERT INTO dataclonertestdatabase.orderdetails VALUES('11798','3JBF4Gq0pg26S6D',@quantityOrdered20,@priceEach20,@orderLineNumber20);
INSERT INTO dataclonertestdatabase.products VALUES('s7U7tMWVBJ1rQfg',@productName21,'jn4C2qpxTUTl8HdeJQYwnGWPIXO0kPDvbra3MfqJzVynX93evQ',@productScale21,@productVendor21,@productDescription21,@quantityInStock21,@buyPrice21,@MSRP21);
INSERT INTO dataclonertestdatabase.orderdetails VALUES('11798','s7U7tMWVBJ1rQfg',@quantityOrdered22,@priceEach22,@orderLineNumber22);
INSERT INTO dataclonertestdatabase.orders VALUES('11799',@orderDate23,@requiredDate23,@shippedDate23,@status23,@comments23,'1085');
INSERT INTO dataclonertestdatabase.products VALUES('ZiilgTeglVTiVyZ',@productName24,'jn4C2qpxTUTl8HdeJQYwnGWPIXO0kPDvbra3MfqJzVynX93evQ',@productScale24,@productVendor24,@productDescription24,@quantityInStock24,@buyPrice24,@MSRP24);
INSERT INTO dataclonertestdatabase.orderdetails VALUES('11799','ZiilgTeglVTiVyZ',@quantityOrdered25,@priceEach25,@orderLineNumber25);
INSERT INTO dataclonertestdatabase.productlines VALUES('H701EpBmjUAEtT540MwMRK8dTy5ZXlweYF9Ok7Z5wmBulesCBF',@textDescription26,@htmlDescription26,@image26);
INSERT INTO dataclonertestdatabase.products VALUES('N8crqL2HSRslD23',@productName27,'H701EpBmjUAEtT540MwMRK8dTy5ZXlweYF9Ok7Z5wmBulesCBF',@productScale27,@productVendor27,@productDescription27,@quantityInStock27,@buyPrice27,@MSRP27);
INSERT INTO dataclonertestdatabase.orderdetails VALUES('11799','N8crqL2HSRslD23',@quantityOrdered28,@priceEach28,@orderLineNumber28);
INSERT INTO dataclonertestdatabase.products VALUES('IWckvpXFLudUUqO',@productName29,'jn4C2qpxTUTl8HdeJQYwnGWPIXO0kPDvbra3MfqJzVynX93evQ',@productScale29,@productVendor29,@productDescription29,@quantityInStock29,@buyPrice29,@MSRP29);
INSERT INTO dataclonertestdatabase.orderdetails VALUES('11799','IWckvpXFLudUUqO',@quantityOrdered30,@priceEach30,@orderLineNumber30);
INSERT INTO dataclonertestdatabase.productlines VALUES('janMDKzFTb6Zllcwgkpx55Ux4ADoFiq6duw1V543K5SvXvCzfR',@textDescription31,@htmlDescription31,@image31);
INSERT INTO dataclonertestdatabase.products VALUES('zqZIsxokDFXLb6a',@productName32,'janMDKzFTb6Zllcwgkpx55Ux4ADoFiq6duw1V543K5SvXvCzfR',@productScale32,@productVendor32,@productDescription32,@quantityInStock32,@buyPrice32,@MSRP32);
INSERT INTO dataclonertestdatabase.orderdetails VALUES('11799','zqZIsxokDFXLb6a',@quantityOrdered33,@priceEach33,@orderLineNumber33);
INSERT INTO dataclonertestdatabase.products VALUES('rsJ94XWTHVlUc0t',@productName34,'H701EpBmjUAEtT540MwMRK8dTy5ZXlweYF9Ok7Z5wmBulesCBF',@productScale34,@productVendor34,@productDescription34,@quantityInStock34,@buyPrice34,@MSRP34);
INSERT INTO dataclonertestdatabase.orderdetails VALUES('11799','rsJ94XWTHVlUc0t',@quantityOrdered35,@priceEach35,@orderLineNumber35);
INSERT INTO dataclonertestdatabase.payments VALUES('1085','iGuyi8RtjLVZzicfSnhLO1FpIHvPkyX4uEa5ZMsjaXFsGitCVd',@paymentDate36,@amount36);
INSERT INTO dataclonertestdatabase.payments VALUES('1085','OJh5d7LZMvzrB2YXtqCz2ugwFJB2wMN011PLlxSpmbft9kC8wi',@paymentDate37,@amount37);
INSERT INTO dataclonertestdatabase.customers VALUES('1086',@customerName38,@contactLastName38,@contactFirstName38,@phone38,@addressLine138,@addressLine238,@city38,@state38,@postalCode38,@country38,'2098',@creditLimit38);
INSERT INTO dataclonertestdatabase.orders VALUES('11800',@orderDate39,@requiredDate39,@shippedDate39,@status39,@comments39,'1086');
INSERT INTO dataclonertestdatabase.products VALUES('VfmlnGNuZdVh1ki',@productName40,'5cgsVE13eZkqzjb6AtVD2nTB4ce3TxhE512cAByP1MVcjDGjqb',@productScale40,@productVendor40,@productDescription40,@quantityInStock40,@buyPrice40,@MSRP40);
INSERT INTO dataclonertestdatabase.orderdetails VALUES('11800','VfmlnGNuZdVh1ki',@quantityOrdered41,@priceEach41,@orderLineNumber41);
INSERT INTO dataclonertestdatabase.productlines VALUES('H69NJTCnOQZ578AzojXLUyCPpzDnVCVYXmrbtoi5XZ1Gz3bHHj',@textDescription42,@htmlDescription42,@image42);
INSERT INTO dataclonertestdatabase.products VALUES('HoS7rG42zqfsPrN',@productName43,'H69NJTCnOQZ578AzojXLUyCPpzDnVCVYXmrbtoi5XZ1Gz3bHHj',@productScale43,@productVendor43,@productDescription43,@quantityInStock43,@buyPrice43,@MSRP43);
INSERT INTO dataclonertestdatabase.orderdetails VALUES('11800','HoS7rG42zqfsPrN',@quantityOrdered44,@priceEach44,@orderLineNumber44);
INSERT INTO dataclonertestdatabase.products VALUES('hCRNBwE3LCe14xP',@productName45,'5cgsVE13eZkqzjb6AtVD2nTB4ce3TxhE512cAByP1MVcjDGjqb',@productScale45,@productVendor45,@productDescription45,@quantityInStock45,@buyPrice45,@MSRP45);
INSERT INTO dataclonertestdatabase.orderdetails VALUES('11800','hCRNBwE3LCe14xP',@quantityOrdered46,@priceEach46,@orderLineNumber46);
INSERT INTO dataclonertestdatabase.products VALUES('enjYaZGmtvKqDzX',@productName47,'5cgsVE13eZkqzjb6AtVD2nTB4ce3TxhE512cAByP1MVcjDGjqb',@productScale47,@productVendor47,@productDescription47,@quantityInStock47,@buyPrice47,@MSRP47);
INSERT INTO dataclonertestdatabase.orderdetails VALUES('11800','enjYaZGmtvKqDzX',@quantityOrdered48,@priceEach48,@orderLineNumber48);
INSERT INTO dataclonertestdatabase.products VALUES('Kx7pRORLteOM00C',@productName49,'5cgsVE13eZkqzjb6AtVD2nTB4ce3TxhE512cAByP1MVcjDGjqb',@productScale49,@productVendor49,@productDescription49,@quantityInStock49,@buyPrice49,@MSRP49);
INSERT INTO dataclonertestdatabase.orderdetails VALUES('11800','Kx7pRORLteOM00C',@quantityOrdered50,@priceEach50,@orderLineNumber50);
INSERT INTO dataclonertestdatabase.products VALUES('9rmcr5uj2AMUnuf',@productName51,'5cgsVE13eZkqzjb6AtVD2nTB4ce3TxhE512cAByP1MVcjDGjqb',@productScale51,@productVendor51,@productDescription51,@quantityInStock51,@buyPrice51,@MSRP51);
INSERT INTO dataclonertestdatabase.orderdetails VALUES('11800','9rmcr5uj2AMUnuf',@quantityOrdered52,@priceEach52,@orderLineNumber52);
INSERT INTO dataclonertestdatabase.products VALUES('Eg8sNNDUwaWlhGt',@productName53,'H69NJTCnOQZ578AzojXLUyCPpzDnVCVYXmrbtoi5XZ1Gz3bHHj',@productScale53,@productVendor53,@productDescription53,@quantityInStock53,@buyPrice53,@MSRP53);
INSERT INTO dataclonertestdatabase.orderdetails VALUES('11800','Eg8sNNDUwaWlhGt',@quantityOrdered54,@priceEach54,@orderLineNumber54);
INSERT INTO dataclonertestdatabase.products VALUES('4lnTpSQxnfL8NNB',@productName55,'5cgsVE13eZkqzjb6AtVD2nTB4ce3TxhE512cAByP1MVcjDGjqb',@productScale55,@productVendor55,@productDescription55,@quantityInStock55,@buyPrice55,@MSRP55);
INSERT INTO dataclonertestdatabase.orderdetails VALUES('11800','4lnTpSQxnfL8NNB',@quantityOrdered56,@priceEach56,@orderLineNumber56);
INSERT INTO dataclonertestdatabase.products VALUES('fOZLl7IR613qz6U',@productName57,'H69NJTCnOQZ578AzojXLUyCPpzDnVCVYXmrbtoi5XZ1Gz3bHHj',@productScale57,@productVendor57,@productDescription57,@quantityInStock57,@buyPrice57,@MSRP57);
INSERT INTO dataclonertestdatabase.orderdetails VALUES('11800','fOZLl7IR613qz6U',@quantityOrdered58,@priceEach58,@orderLineNumber58);
INSERT INTO dataclonertestdatabase.products VALUES('MbDeUeGrJuRAfNZ',@productName59,'5cgsVE13eZkqzjb6AtVD2nTB4ce3TxhE512cAByP1MVcjDGjqb',@productScale59,@productVendor59,@productDescription59,@quantityInStock59,@buyPrice59,@MSRP59);
INSERT INTO dataclonertestdatabase.orderdetails VALUES('11800','MbDeUeGrJuRAfNZ',@quantityOrdered60,@priceEach60,@orderLineNumber60);
INSERT INTO dataclonertestdatabase.products VALUES('bN2e9KpIPUvrBnR',@productName61,'5cgsVE13eZkqzjb6AtVD2nTB4ce3TxhE512cAByP1MVcjDGjqb',@productScale61,@productVendor61,@productDescription61,@quantityInStock61,@buyPrice61,@MSRP61);
INSERT INTO dataclonertestdatabase.orderdetails VALUES('11800','bN2e9KpIPUvrBnR',@quantityOrdered62,@priceEach62,@orderLineNumber62);
INSERT INTO dataclonertestdatabase.products VALUES('lBWfcHzPvDoqBce',@productName63,'H69NJTCnOQZ578AzojXLUyCPpzDnVCVYXmrbtoi5XZ1Gz3bHHj',@productScale63,@productVendor63,@productDescription63,@quantityInStock63,@buyPrice63,@MSRP63);
INSERT INTO dataclonertestdatabase.orderdetails VALUES('11800','lBWfcHzPvDoqBce',@quantityOrdered64,@priceEach64,@orderLineNumber64);
INSERT INTO dataclonertestdatabase.products VALUES('S9OO5ufX0NoRtyU',@productName65,'H69NJTCnOQZ578AzojXLUyCPpzDnVCVYXmrbtoi5XZ1Gz3bHHj',@productScale65,@productVendor65,@productDescription65,@quantityInStock65,@buyPrice65,@MSRP65);
INSERT INTO dataclonertestdatabase.orderdetails VALUES('11800','S9OO5ufX0NoRtyU',@quantityOrdered66,@priceEach66,@orderLineNumber66);
INSERT INTO dataclonertestdatabase.products VALUES('FUrXre9XhsY3j3X',@productName67,'H69NJTCnOQZ578AzojXLUyCPpzDnVCVYXmrbtoi5XZ1Gz3bHHj',@productScale67,@productVendor67,@productDescription67,@quantityInStock67,@buyPrice67,@MSRP67);
INSERT INTO dataclonertestdatabase.orderdetails VALUES('11800','FUrXre9XhsY3j3X',@quantityOrdered68,@priceEach68,@orderLineNumber68);
INSERT INTO dataclonertestdatabase.orders VALUES('11801',@orderDate69,@requiredDate69,@shippedDate69,@status69,@comments69,'1086');
INSERT INTO dataclonertestdatabase.products VALUES('zsk3gUm6HYt4srC',@productName70,'janMDKzFTb6Zllcwgkpx55Ux4ADoFiq6duw1V543K5SvXvCzfR',@productScale70,@productVendor70,@productDescription70,@quantityInStock70,@buyPrice70,@MSRP70);
INSERT INTO dataclonertestdatabase.orderdetails VALUES('11801','zsk3gUm6HYt4srC',@quantityOrdered71,@priceEach71,@orderLineNumber71);
INSERT INTO dataclonertestdatabase.payments VALUES('1086','5qxnECutfx95WaK4w353PNT5e8vNGJeZOYbAn9lGoJ82ba6pDS',@paymentDate72,@amount72);
INSERT INTO dataclonertestdatabase.payments VALUES('1086','367Ezxo90kGHNGlHCztWjmjnNzUpm7viu8ePdt7jPaCB1PFA55',@paymentDate73,@amount73);
INSERT INTO dataclonertestdatabase.customers VALUES('1087',@customerName74,@contactLastName74,@contactFirstName74,@phone74,@addressLine174,@addressLine274,@city74,@state74,@postalCode74,@country74,'2098',@creditLimit74);
INSERT INTO dataclonertestdatabase.orders VALUES('11802',@orderDate75,@requiredDate75,@shippedDate75,@status75,@comments75,'1087');
INSERT INTO dataclonertestdatabase.products VALUES('X5ypAwoQMbZIsVs',@productName76,'5cgsVE13eZkqzjb6AtVD2nTB4ce3TxhE512cAByP1MVcjDGjqb',@productScale76,@productVendor76,@productDescription76,@quantityInStock76,@buyPrice76,@MSRP76);
INSERT INTO dataclonertestdatabase.orderdetails VALUES('11802','X5ypAwoQMbZIsVs',@quantityOrdered77,@priceEach77,@orderLineNumber77);
INSERT INTO dataclonertestdatabase.products VALUES('dZxDHJeFTYtFbyM',@productName78,'H701EpBmjUAEtT540MwMRK8dTy5ZXlweYF9Ok7Z5wmBulesCBF',@productScale78,@productVendor78,@productDescription78,@quantityInStock78,@buyPrice78,@MSRP78);
INSERT INTO dataclonertestdatabase.orderdetails VALUES('11802','dZxDHJeFTYtFbyM',@quantityOrdered79,@priceEach79,@orderLineNumber79);
INSERT INTO dataclonertestdatabase.products VALUES('fOYwmiTSat1MfzZ',@productName80,'janMDKzFTb6Zllcwgkpx55Ux4ADoFiq6duw1V543K5SvXvCzfR',@productScale80,@productVendor80,@productDescription80,@quantityInStock80,@buyPrice80,@MSRP80);
INSERT INTO dataclonertestdatabase.orderdetails VALUES('11802','fOYwmiTSat1MfzZ',@quantityOrdered81,@priceEach81,@orderLineNumber81);
INSERT INTO dataclonertestdatabase.orderdetails VALUES('11802','ZiilgTeglVTiVyZ',@quantityOrdered82,@priceEach82,@orderLineNumber82);
INSERT INTO dataclonertestdatabase.orderdetails VALUES('11802','N8crqL2HSRslD23',@quantityOrdered83,@priceEach83,@orderLineNumber83);
INSERT INTO dataclonertestdatabase.orderdetails VALUES('11802','IWckvpXFLudUUqO',@quantityOrdered84,@priceEach84,@orderLineNumber84);
INSERT INTO dataclonertestdatabase.products VALUES('dBX2fVlZH1b5iVb',@productName85,'jn4C2qpxTUTl8HdeJQYwnGWPIXO0kPDvbra3MfqJzVynX93evQ',@productScale85,@productVendor85,@productDescription85,@quantityInStock85,@buyPrice85,@MSRP85);
INSERT INTO dataclonertestdatabase.orderdetails VALUES('11802','dBX2fVlZH1b5iVb',@quantityOrdered86,@priceEach86,@orderLineNumber86);
INSERT INTO dataclonertestdatabase.products VALUES('4ClY0c4ypuDNHTQ',@productName87,'H701EpBmjUAEtT540MwMRK8dTy5ZXlweYF9Ok7Z5wmBulesCBF',@productScale87,@productVendor87,@productDescription87,@quantityInStock87,@buyPrice87,@MSRP87);
INSERT INTO dataclonertestdatabase.orderdetails VALUES('11802','4ClY0c4ypuDNHTQ',@quantityOrdered88,@priceEach88,@orderLineNumber88);
INSERT INTO dataclonertestdatabase.products VALUES('zmIpCf7XeMkzBQE',@productName89,'jn4C2qpxTUTl8HdeJQYwnGWPIXO0kPDvbra3MfqJzVynX93evQ',@productScale89,@productVendor89,@productDescription89,@quantityInStock89,@buyPrice89,@MSRP89);
INSERT INTO dataclonertestdatabase.orderdetails VALUES('11802','zmIpCf7XeMkzBQE',@quantityOrdered90,@priceEach90,@orderLineNumber90);
INSERT INTO dataclonertestdatabase.products VALUES('CYZHtTqfz1YrO1p',@productName91,'H701EpBmjUAEtT540MwMRK8dTy5ZXlweYF9Ok7Z5wmBulesCBF',@productScale91,@productVendor91,@productDescription91,@quantityInStock91,@buyPrice91,@MSRP91);
INSERT INTO dataclonertestdatabase.orderdetails VALUES('11802','CYZHtTqfz1YrO1p',@quantityOrdered92,@priceEach92,@orderLineNumber92);
INSERT INTO dataclonertestdatabase.orderdetails VALUES('11802','zqZIsxokDFXLb6a',@quantityOrdered93,@priceEach93,@orderLineNumber93);
INSERT INTO dataclonertestdatabase.products VALUES('e8dZBqloXX0zZoj',@productName94,'H701EpBmjUAEtT540MwMRK8dTy5ZXlweYF9Ok7Z5wmBulesCBF',@productScale94,@productVendor94,@productDescription94,@quantityInStock94,@buyPrice94,@MSRP94);
INSERT INTO dataclonertestdatabase.orderdetails VALUES('11802','e8dZBqloXX0zZoj',@quantityOrdered95,@priceEach95,@orderLineNumber95);
INSERT INTO dataclonertestdatabase.products VALUES('CxmBhD7Ng62i87P',@productName96,'janMDKzFTb6Zllcwgkpx55Ux4ADoFiq6duw1V543K5SvXvCzfR',@productScale96,@productVendor96,@productDescription96,@quantityInStock96,@buyPrice96,@MSRP96);
INSERT INTO dataclonertestdatabase.orderdetails VALUES('11802','CxmBhD7Ng62i87P',@quantityOrdered97,@priceEach97,@orderLineNumber97);
INSERT INTO dataclonertestdatabase.products VALUES('qqhqL1hqoh7gjEr',@productName98,'H701EpBmjUAEtT540MwMRK8dTy5ZXlweYF9Ok7Z5wmBulesCBF',@productScale98,@productVendor98,@productDescription98,@quantityInStock98,@buyPrice98,@MSRP98);
INSERT INTO dataclonertestdatabase.orderdetails VALUES('11802','qqhqL1hqoh7gjEr',@quantityOrdered99,@priceEach99,@orderLineNumber99);
INSERT INTO dataclonertestdatabase.products VALUES('x1nkaVIy0LteLNq',@productName100,'H701EpBmjUAEtT540MwMRK8dTy5ZXlweYF9Ok7Z5wmBulesCBF',@productScale100,@productVendor100,@productDescription100,@quantityInStock100,@buyPrice100,@MSRP100);
INSERT INTO dataclonertestdatabase.orderdetails VALUES('11802','x1nkaVIy0LteLNq',@quantityOrdered101,@priceEach101,@orderLineNumber101);
INSERT INTO dataclonertestdatabase.orderdetails VALUES('11802','rsJ94XWTHVlUc0t',@quantityOrdered102,@priceEach102,@orderLineNumber102);
INSERT INTO dataclonertestdatabase.orders VALUES('11803',@orderDate103,@requiredDate103,@shippedDate103,@status103,@comments103,'1087');
INSERT INTO dataclonertestdatabase.products VALUES('HGc6iEidrTGeIUZ',@productName104,'5cgsVE13eZkqzjb6AtVD2nTB4ce3TxhE512cAByP1MVcjDGjqb',@productScale104,@productVendor104,@productDescription104,@quantityInStock104,@buyPrice104,@MSRP104);
INSERT INTO dataclonertestdatabase.orderdetails VALUES('11803','HGc6iEidrTGeIUZ',@quantityOrdered105,@priceEach105,@orderLineNumber105);
INSERT INTO dataclonertestdatabase.products VALUES('Ryxj5K4RBepWhSn',@productName106,'5cgsVE13eZkqzjb6AtVD2nTB4ce3TxhE512cAByP1MVcjDGjqb',@productScale106,@productVendor106,@productDescription106,@quantityInStock106,@buyPrice106,@MSRP106);
INSERT INTO dataclonertestdatabase.orderdetails VALUES('11803','Ryxj5K4RBepWhSn',@quantityOrdered107,@priceEach107,@orderLineNumber107);
INSERT INTO dataclonertestdatabase.products VALUES('qfLmrBfq2iEggrZ',@productName108,'5cgsVE13eZkqzjb6AtVD2nTB4ce3TxhE512cAByP1MVcjDGjqb',@productScale108,@productVendor108,@productDescription108,@quantityInStock108,@buyPrice108,@MSRP108);
INSERT INTO dataclonertestdatabase.orderdetails VALUES('11803','qfLmrBfq2iEggrZ',@quantityOrdered109,@priceEach109,@orderLineNumber109);
INSERT INTO dataclonertestdatabase.products VALUES('QrPdT59NtAW1XBM',@productName110,'jn4C2qpxTUTl8HdeJQYwnGWPIXO0kPDvbra3MfqJzVynX93evQ',@productScale110,@productVendor110,@productDescription110,@quantityInStock110,@buyPrice110,@MSRP110);
INSERT INTO dataclonertestdatabase.orderdetails VALUES('11803','QrPdT59NtAW1XBM',@quantityOrdered111,@priceEach111,@orderLineNumber111);
INSERT INTO dataclonertestdatabase.productlines VALUES('iLRzTw3iiPVOUpHAe4B0IxTxfOG7ujnwObf3wb9sFwAnNMblpf',@textDescription112,@htmlDescription112,@image112);
INSERT INTO dataclonertestdatabase.products VALUES('2l4etbixloqtR4G',@productName113,'iLRzTw3iiPVOUpHAe4B0IxTxfOG7ujnwObf3wb9sFwAnNMblpf',@productScale113,@productVendor113,@productDescription113,@quantityInStock113,@buyPrice113,@MSRP113);
INSERT INTO dataclonertestdatabase.orderdetails VALUES('11803','2l4etbixloqtR4G',@quantityOrdered114,@priceEach114,@orderLineNumber114);
INSERT INTO dataclonertestdatabase.products VALUES('AiX8mbmYr9LtfPb',@productName115,'5cgsVE13eZkqzjb6AtVD2nTB4ce3TxhE512cAByP1MVcjDGjqb',@productScale115,@productVendor115,@productDescription115,@quantityInStock115,@buyPrice115,@MSRP115);
INSERT INTO dataclonertestdatabase.orderdetails VALUES('11803','AiX8mbmYr9LtfPb',@quantityOrdered116,@priceEach116,@orderLineNumber116);
INSERT INTO dataclonertestdatabase.products VALUES('UA7OflUFK03LV3q',@productName117,'jn4C2qpxTUTl8HdeJQYwnGWPIXO0kPDvbra3MfqJzVynX93evQ',@productScale117,@productVendor117,@productDescription117,@quantityInStock117,@buyPrice117,@MSRP117);
INSERT INTO dataclonertestdatabase.orderdetails VALUES('11803','UA7OflUFK03LV3q',@quantityOrdered118,@priceEach118,@orderLineNumber118);
INSERT INTO dataclonertestdatabase.products VALUES('JS1JcMOI6xtgV0e',@productName119,'janMDKzFTb6Zllcwgkpx55Ux4ADoFiq6duw1V543K5SvXvCzfR',@productScale119,@productVendor119,@productDescription119,@quantityInStock119,@buyPrice119,@MSRP119);
INSERT INTO dataclonertestdatabase.orderdetails VALUES('11803','JS1JcMOI6xtgV0e',@quantityOrdered120,@priceEach120,@orderLineNumber120);
INSERT INTO dataclonertestdatabase.products VALUES('L5lppM9JuewH7B3',@productName121,'jn4C2qpxTUTl8HdeJQYwnGWPIXO0kPDvbra3MfqJzVynX93evQ',@productScale121,@productVendor121,@productDescription121,@quantityInStock121,@buyPrice121,@MSRP121);
INSERT INTO dataclonertestdatabase.orderdetails VALUES('11803','L5lppM9JuewH7B3',@quantityOrdered122,@priceEach122,@orderLineNumber122);
INSERT INTO dataclonertestdatabase.products VALUES('zvrkMbEGkUWUtiE',@productName123,'iLRzTw3iiPVOUpHAe4B0IxTxfOG7ujnwObf3wb9sFwAnNMblpf',@productScale123,@productVendor123,@productDescription123,@quantityInStock123,@buyPrice123,@MSRP123);
INSERT INTO dataclonertestdatabase.orderdetails VALUES('11803','zvrkMbEGkUWUtiE',@quantityOrdered124,@priceEach124,@orderLineNumber124);
INSERT INTO dataclonertestdatabase.products VALUES('I6sWJy9qfc8MCz4',@productName125,'janMDKzFTb6Zllcwgkpx55Ux4ADoFiq6duw1V543K5SvXvCzfR',@productScale125,@productVendor125,@productDescription125,@quantityInStock125,@buyPrice125,@MSRP125);
INSERT INTO dataclonertestdatabase.orderdetails VALUES('11803','I6sWJy9qfc8MCz4',@quantityOrdered126,@priceEach126,@orderLineNumber126);
INSERT INTO dataclonertestdatabase.products VALUES('QJ5q57V2vgObN6z',@productName127,'janMDKzFTb6Zllcwgkpx55Ux4ADoFiq6duw1V543K5SvXvCzfR',@productScale127,@productVendor127,@productDescription127,@quantityInStock127,@buyPrice127,@MSRP127);
INSERT INTO dataclonertestdatabase.orderdetails VALUES('11803','QJ5q57V2vgObN6z',@quantityOrdered128,@priceEach128,@orderLineNumber128);
INSERT INTO dataclonertestdatabase.orderdetails VALUES('11803','CxmBhD7Ng62i87P',@quantityOrdered129,@priceEach129,@orderLineNumber129);
INSERT INTO dataclonertestdatabase.products VALUES('gYi9vSz5gxbT3tj',@productName130,'janMDKzFTb6Zllcwgkpx55Ux4ADoFiq6duw1V543K5SvXvCzfR',@productScale130,@productVendor130,@productDescription130,@quantityInStock130,@buyPrice130,@MSRP130);
INSERT INTO dataclonertestdatabase.orderdetails VALUES('11803','gYi9vSz5gxbT3tj',@quantityOrdered131,@priceEach131,@orderLineNumber131);
INSERT INTO dataclonertestdatabase.orderdetails VALUES('11803','zsk3gUm6HYt4srC',@quantityOrdered132,@priceEach132,@orderLineNumber132);
INSERT INTO dataclonertestdatabase.products VALUES('EtzqDTvHhfRcGLK',@productName133,'janMDKzFTb6Zllcwgkpx55Ux4ADoFiq6duw1V543K5SvXvCzfR',@productScale133,@productVendor133,@productDescription133,@quantityInStock133,@buyPrice133,@MSRP133);
INSERT INTO dataclonertestdatabase.orderdetails VALUES('11803','EtzqDTvHhfRcGLK',@quantityOrdered134,@priceEach134,@orderLineNumber134);
INSERT INTO dataclonertestdatabase.orders VALUES('11804',@orderDate135,@requiredDate135,@shippedDate135,@status135,@comments135,'1087');
INSERT INTO dataclonertestdatabase.products VALUES('Zvf1RsNpfGeM9yA',@productName136,'5cgsVE13eZkqzjb6AtVD2nTB4ce3TxhE512cAByP1MVcjDGjqb',@productScale136,@productVendor136,@productDescription136,@quantityInStock136,@buyPrice136,@MSRP136);
INSERT INTO dataclonertestdatabase.orderdetails VALUES('11804','Zvf1RsNpfGeM9yA',@quantityOrdered137,@priceEach137,@orderLineNumber137);
INSERT INTO dataclonertestdatabase.orderdetails VALUES('11804','S9OO5ufX0NoRtyU',@quantityOrdered138,@priceEach138,@orderLineNumber138);
INSERT INTO dataclonertestdatabase.orderdetails VALUES('11804','FUrXre9XhsY3j3X',@quantityOrdered139,@priceEach139,@orderLineNumber139);
INSERT INTO dataclonertestdatabase.payments VALUES('1087','Q7Xw3UIt4CciVNFKLdTlwGXazJU8L0PqZpg0ZFvgQopkPS0B4I',@paymentDate140,@amount140);
INSERT INTO dataclonertestdatabase.payments VALUES('1087','EnJL0DhAuij9vEuS9i6mVPyxBXj2jHhDmDbyQNyvdN8docx8TK',@paymentDate141,@amount141);
INSERT INTO dataclonertestdatabase.payments VALUES('1087','jpqP9OUsfBuqZwMbb7DpBrc3Zmzp9MeDFMYWRG7FHGuVjb9Z4N',@paymentDate142,@amount142);
INSERT INTO dataclonertestdatabase.customers VALUES('1088',@customerName143,@contactLastName143,@contactFirstName143,@phone143,@addressLine1143,@addressLine2143,@city143,@state143,@postalCode143,@country143,'2098',@creditLimit143);
INSERT INTO dataclonertestdatabase.orders VALUES('11805',@orderDate144,@requiredDate144,@shippedDate144,@status144,@comments144,'1088');
INSERT INTO dataclonertestdatabase.orderdetails VALUES('11805','Ah400iVaZqdErwZ',@quantityOrdered145,@priceEach145,@orderLineNumber145);
INSERT INTO dataclonertestdatabase.products VALUES('gRlDeB5Oze6xrWp',@productName146,'5cgsVE13eZkqzjb6AtVD2nTB4ce3TxhE512cAByP1MVcjDGjqb',@productScale146,@productVendor146,@productDescription146,@quantityInStock146,@buyPrice146,@MSRP146);
INSERT INTO dataclonertestdatabase.orderdetails VALUES('11805','gRlDeB5Oze6xrWp',@quantityOrdered147,@priceEach147,@orderLineNumber147);
INSERT INTO dataclonertestdatabase.products VALUES('4U9Iv6t2kXA4EkL',@productName148,'FJAgZWMuzWVOueu1dLxfQzbNhTmYfDUeh1KqsFPPQn0r7wWDvE',@productScale148,@productVendor148,@productDescription148,@quantityInStock148,@buyPrice148,@MSRP148);
INSERT INTO dataclonertestdatabase.orderdetails VALUES('11805','4U9Iv6t2kXA4EkL',@quantityOrdered149,@priceEach149,@orderLineNumber149);
INSERT INTO dataclonertestdatabase.orderdetails VALUES('11805','chrAZrhiFxSx0AO',@quantityOrdered150,@priceEach150,@orderLineNumber150);
INSERT INTO dataclonertestdatabase.orderdetails VALUES('11805','6kAFawdzoqwbjPA',@quantityOrdered151,@priceEach151,@orderLineNumber151);
INSERT INTO dataclonertestdatabase.orderdetails VALUES('11805','LZP2gUmdM0GqGSO',@quantityOrdered152,@priceEach152,@orderLineNumber152);
INSERT INTO dataclonertestdatabase.orderdetails VALUES('11805','3JBF4Gq0pg26S6D',@quantityOrdered153,@priceEach153,@orderLineNumber153);
INSERT INTO dataclonertestdatabase.products VALUES('wz7H3YlXEKOhPL2',@productName154,'FJAgZWMuzWVOueu1dLxfQzbNhTmYfDUeh1KqsFPPQn0r7wWDvE',@productScale154,@productVendor154,@productDescription154,@quantityInStock154,@buyPrice154,@MSRP154);
INSERT INTO dataclonertestdatabase.orderdetails VALUES('11805','wz7H3YlXEKOhPL2',@quantityOrdered155,@priceEach155,@orderLineNumber155);
INSERT INTO dataclonertestdatabase.products VALUES('z9icQeQwM7C5gA9',@productName156,'jn4C2qpxTUTl8HdeJQYwnGWPIXO0kPDvbra3MfqJzVynX93evQ',@productScale156,@productVendor156,@productDescription156,@quantityInStock156,@buyPrice156,@MSRP156);
INSERT INTO dataclonertestdatabase.orderdetails VALUES('11805','z9icQeQwM7C5gA9',@quantityOrdered157,@priceEach157,@orderLineNumber157);
INSERT INTO dataclonertestdatabase.orderdetails VALUES('11805','s7U7tMWVBJ1rQfg',@quantityOrdered158,@priceEach158,@orderLineNumber158);
INSERT INTO dataclonertestdatabase.products VALUES('DW89fpKioZ8ng0G',@productName159,'FJAgZWMuzWVOueu1dLxfQzbNhTmYfDUeh1KqsFPPQn0r7wWDvE',@productScale159,@productVendor159,@productDescription159,@quantityInStock159,@buyPrice159,@MSRP159);
INSERT INTO dataclonertestdatabase.orderdetails VALUES('11805','DW89fpKioZ8ng0G',@quantityOrdered160,@priceEach160,@orderLineNumber160);
INSERT INTO dataclonertestdatabase.products VALUES('BCx46tg4Bq9nUTR',@productName161,'5cgsVE13eZkqzjb6AtVD2nTB4ce3TxhE512cAByP1MVcjDGjqb',@productScale161,@productVendor161,@productDescription161,@quantityInStock161,@buyPrice161,@MSRP161);
INSERT INTO dataclonertestdatabase.orderdetails VALUES('11805','BCx46tg4Bq9nUTR',@quantityOrdered162,@priceEach162,@orderLineNumber162);
INSERT INTO dataclonertestdatabase.orders VALUES('11806',@orderDate163,@requiredDate163,@shippedDate163,@status163,@comments163,'1088');
INSERT INTO dataclonertestdatabase.orderdetails VALUES('11806','X5ypAwoQMbZIsVs',@quantityOrdered164,@priceEach164,@orderLineNumber164);
INSERT INTO dataclonertestdatabase.orderdetails VALUES('11806','dZxDHJeFTYtFbyM',@quantityOrdered165,@priceEach165,@orderLineNumber165);
INSERT INTO dataclonertestdatabase.orderdetails VALUES('11806','fOYwmiTSat1MfzZ',@quantityOrdered166,@priceEach166,@orderLineNumber166);
INSERT INTO dataclonertestdatabase.orderdetails VALUES('11806','ZiilgTeglVTiVyZ',@quantityOrdered167,@priceEach167,@orderLineNumber167);
INSERT INTO dataclonertestdatabase.orderdetails VALUES('11806','N8crqL2HSRslD23',@quantityOrdered168,@priceEach168,@orderLineNumber168);
INSERT INTO dataclonertestdatabase.orderdetails VALUES('11806','IWckvpXFLudUUqO',@quantityOrdered169,@priceEach169,@orderLineNumber169);
INSERT INTO dataclonertestdatabase.orderdetails VALUES('11806','dBX2fVlZH1b5iVb',@quantityOrdered170,@priceEach170,@orderLineNumber170);
INSERT INTO dataclonertestdatabase.orderdetails VALUES('11806','zqZIsxokDFXLb6a',@quantityOrdered171,@priceEach171,@orderLineNumber171);
INSERT INTO dataclonertestdatabase.orderdetails VALUES('11806','rsJ94XWTHVlUc0t',@quantityOrdered172,@priceEach172,@orderLineNumber172);
INSERT INTO dataclonertestdatabase.payments VALUES('1088','eYcBSpgd0d1Z82ve9dgoBsP7aRMgChUjuBQeVkjwRJOJERgwIo',@paymentDate173,@amount173);
INSERT INTO dataclonertestdatabase.payments VALUES('1088','l6UNCa7gaH6zQ7qNlUsQPTMLJP1g7mJf2CLReqoHfj7qISP3Ud',@paymentDate174,@amount174);
INSERT INTO dataclonertestdatabase.customers VALUES('1089',@customerName175,@contactLastName175,@contactFirstName175,@phone175,@addressLine1175,@addressLine2175,@city175,@state175,@postalCode175,@country175,'2098',@creditLimit175);
INSERT INTO dataclonertestdatabase.orders VALUES('11807',@orderDate176,@requiredDate176,@shippedDate176,@status176,@comments176,'1089');
INSERT INTO dataclonertestdatabase.orderdetails VALUES('11807','VfmlnGNuZdVh1ki',@quantityOrdered177,@priceEach177,@orderLineNumber177);
INSERT INTO dataclonertestdatabase.orderdetails VALUES('11807','hCRNBwE3LCe14xP',@quantityOrdered178,@priceEach178,@orderLineNumber178);
INSERT INTO dataclonertestdatabase.orderdetails VALUES('11807','enjYaZGmtvKqDzX',@quantityOrdered179,@priceEach179,@orderLineNumber179);
INSERT INTO dataclonertestdatabase.products VALUES('s7DVeuAukIhdclQ',@productName180,'5cgsVE13eZkqzjb6AtVD2nTB4ce3TxhE512cAByP1MVcjDGjqb',@productScale180,@productVendor180,@productDescription180,@quantityInStock180,@buyPrice180,@MSRP180);
INSERT INTO dataclonertestdatabase.orderdetails VALUES('11807','s7DVeuAukIhdclQ',@quantityOrdered181,@priceEach181,@orderLineNumber181);
INSERT INTO dataclonertestdatabase.products VALUES('YQyeWvETwx303l9',@productName182,'5cgsVE13eZkqzjb6AtVD2nTB4ce3TxhE512cAByP1MVcjDGjqb',@productScale182,@productVendor182,@productDescription182,@quantityInStock182,@buyPrice182,@MSRP182);
INSERT INTO dataclonertestdatabase.orderdetails VALUES('11807','YQyeWvETwx303l9',@quantityOrdered183,@priceEach183,@orderLineNumber183);
INSERT INTO dataclonertestdatabase.orderdetails VALUES('11807','Kx7pRORLteOM00C',@quantityOrdered184,@priceEach184,@orderLineNumber184);
INSERT INTO dataclonertestdatabase.orderdetails VALUES('11807','9rmcr5uj2AMUnuf',@quantityOrdered185,@priceEach185,@orderLineNumber185);
INSERT INTO dataclonertestdatabase.products VALUES('TBJIPCUMhb0W0sK',@productName186,'5cgsVE13eZkqzjb6AtVD2nTB4ce3TxhE512cAByP1MVcjDGjqb',@productScale186,@productVendor186,@productDescription186,@quantityInStock186,@buyPrice186,@MSRP186);
INSERT INTO dataclonertestdatabase.orderdetails VALUES('11807','TBJIPCUMhb0W0sK',@quantityOrdered187,@priceEach187,@orderLineNumber187);
INSERT INTO dataclonertestdatabase.orderdetails VALUES('11807','MbDeUeGrJuRAfNZ',@quantityOrdered188,@priceEach188,@orderLineNumber188);
INSERT INTO dataclonertestdatabase.products VALUES('CXVwiTwqKYXuJZG',@productName189,'5cgsVE13eZkqzjb6AtVD2nTB4ce3TxhE512cAByP1MVcjDGjqb',@productScale189,@productVendor189,@productDescription189,@quantityInStock189,@buyPrice189,@MSRP189);
INSERT INTO dataclonertestdatabase.orderdetails VALUES('11807','CXVwiTwqKYXuJZG',@quantityOrdered190,@priceEach190,@orderLineNumber190);
INSERT INTO dataclonertestdatabase.orderdetails VALUES('11807','bN2e9KpIPUvrBnR',@quantityOrdered191,@priceEach191,@orderLineNumber191);
INSERT INTO dataclonertestdatabase.orders VALUES('11808',@orderDate192,@requiredDate192,@shippedDate192,@status192,@comments192,'1089');
INSERT INTO dataclonertestdatabase.orderdetails VALUES('11808','dZxDHJeFTYtFbyM',@quantityOrdered193,@priceEach193,@orderLineNumber193);
INSERT INTO dataclonertestdatabase.orderdetails VALUES('11808','N8crqL2HSRslD23',@quantityOrdered194,@priceEach194,@orderLineNumber194);
INSERT INTO dataclonertestdatabase.orderdetails VALUES('11808','IWckvpXFLudUUqO',@quantityOrdered195,@priceEach195,@orderLineNumber195);
INSERT INTO dataclonertestdatabase.orderdetails VALUES('11808','zqZIsxokDFXLb6a',@quantityOrdered196,@priceEach196,@orderLineNumber196);
INSERT INTO dataclonertestdatabase.orderdetails VALUES('11808','rsJ94XWTHVlUc0t',@quantityOrdered197,@priceEach197,@orderLineNumber197);
INSERT INTO dataclonertestdatabase.orders VALUES('11809',@orderDate198,@requiredDate198,@shippedDate198,@status198,@comments198,'1089');
INSERT INTO dataclonertestdatabase.orderdetails VALUES('11809','Ah400iVaZqdErwZ',@quantityOrdered199,@priceEach199,@orderLineNumber199);
INSERT INTO dataclonertestdatabase.products VALUES('wGeyNN9982m24Z8',@productName200,'jn4C2qpxTUTl8HdeJQYwnGWPIXO0kPDvbra3MfqJzVynX93evQ',@productScale200,@productVendor200,@productDescription200,@quantityInStock200,@buyPrice200,@MSRP200);
INSERT INTO dataclonertestdatabase.orderdetails VALUES('11809','wGeyNN9982m24Z8',@quantityOrdered201,@priceEach201,@orderLineNumber201);
INSERT INTO dataclonertestdatabase.products VALUES('lnY3jxYoUangqcw',@productName202,'jn4C2qpxTUTl8HdeJQYwnGWPIXO0kPDvbra3MfqJzVynX93evQ',@productScale202,@productVendor202,@productDescription202,@quantityInStock202,@buyPrice202,@MSRP202);
INSERT INTO dataclonertestdatabase.orderdetails VALUES('11809','lnY3jxYoUangqcw',@quantityOrdered203,@priceEach203,@orderLineNumber203);
INSERT INTO dataclonertestdatabase.orderdetails VALUES('11809','6kAFawdzoqwbjPA',@quantityOrdered204,@priceEach204,@orderLineNumber204);
INSERT INTO dataclonertestdatabase.orderdetails VALUES('11809','LZP2gUmdM0GqGSO',@quantityOrdered205,@priceEach205,@orderLineNumber205);
INSERT INTO dataclonertestdatabase.orderdetails VALUES('11809','3JBF4Gq0pg26S6D',@quantityOrdered206,@priceEach206,@orderLineNumber206);
INSERT INTO dataclonertestdatabase.products VALUES('dPN6KFkNy4t8gvk',@productName207,'jn4C2qpxTUTl8HdeJQYwnGWPIXO0kPDvbra3MfqJzVynX93evQ',@productScale207,@productVendor207,@productDescription207,@quantityInStock207,@buyPrice207,@MSRP207);
INSERT INTO dataclonertestdatabase.orderdetails VALUES('11809','dPN6KFkNy4t8gvk',@quantityOrdered208,@priceEach208,@orderLineNumber208);
INSERT INTO dataclonertestdatabase.orderdetails VALUES('11809','s7U7tMWVBJ1rQfg',@quantityOrdered209,@priceEach209,@orderLineNumber209);
INSERT INTO dataclonertestdatabase.payments VALUES('1089','d3vTYa8ZiVnG86WFpJgJvlNHwMcWWfA6FGcgp2GpbXiOGqTfV3',@paymentDate210,@amount210);
INSERT INTO dataclonertestdatabase.payments VALUES('1089','GaUlyg1y0yI3PhkMtSNwbORd9P8L1lvH6SugjFIPj3fXWdyJf3',@paymentDate211,@amount211);
INSERT INTO dataclonertestdatabase.payments VALUES('1089','vppkCAviHwAL9fnMfMlOdAoJjOEHO7SHbbIHcee0w2rre5jatU',@paymentDate212,@amount212);
INSERT INTO dataclonertestdatabase.customers VALUES('1090',@customerName213,@contactLastName213,@contactFirstName213,@phone213,@addressLine1213,@addressLine2213,@city213,@state213,@postalCode213,@country213,'2098',@creditLimit213);
INSERT INTO dataclonertestdatabase.orders VALUES('11810',@orderDate214,@requiredDate214,@shippedDate214,@status214,@comments214,'1090');
INSERT INTO dataclonertestdatabase.orderdetails VALUES('11810','gRlDeB5Oze6xrWp',@quantityOrdered215,@priceEach215,@orderLineNumber215);
INSERT INTO dataclonertestdatabase.products VALUES('AuE03YxEAbazmDJ',@productName216,'FJAgZWMuzWVOueu1dLxfQzbNhTmYfDUeh1KqsFPPQn0r7wWDvE',@productScale216,@productVendor216,@productDescription216,@quantityInStock216,@buyPrice216,@MSRP216);
INSERT INTO dataclonertestdatabase.orderdetails VALUES('11810','AuE03YxEAbazmDJ',@quantityOrdered217,@priceEach217,@orderLineNumber217);
INSERT INTO dataclonertestdatabase.products VALUES('Jq2LDbcZd8XcVuL',@productName218,'5cgsVE13eZkqzjb6AtVD2nTB4ce3TxhE512cAByP1MVcjDGjqb',@productScale218,@productVendor218,@productDescription218,@quantityInStock218,@buyPrice218,@MSRP218);
INSERT INTO dataclonertestdatabase.orderdetails VALUES('11810','Jq2LDbcZd8XcVuL',@quantityOrdered219,@priceEach219,@orderLineNumber219);
INSERT INTO dataclonertestdatabase.products VALUES('kkwbdzO8C8B458n',@productName220,'FJAgZWMuzWVOueu1dLxfQzbNhTmYfDUeh1KqsFPPQn0r7wWDvE',@productScale220,@productVendor220,@productDescription220,@quantityInStock220,@buyPrice220,@MSRP220);
INSERT INTO dataclonertestdatabase.orderdetails VALUES('11810','kkwbdzO8C8B458n',@quantityOrdered221,@priceEach221,@orderLineNumber221);
INSERT INTO dataclonertestdatabase.products VALUES('Xc6HzdLipW6zfG5',@productName222,'FJAgZWMuzWVOueu1dLxfQzbNhTmYfDUeh1KqsFPPQn0r7wWDvE',@productScale222,@productVendor222,@productDescription222,@quantityInStock222,@buyPrice222,@MSRP222);
INSERT INTO dataclonertestdatabase.orderdetails VALUES('11810','Xc6HzdLipW6zfG5',@quantityOrdered223,@priceEach223,@orderLineNumber223);
INSERT INTO dataclonertestdatabase.products VALUES('NeiQYhgGuTv0Vyx',@productName224,'5cgsVE13eZkqzjb6AtVD2nTB4ce3TxhE512cAByP1MVcjDGjqb',@productScale224,@productVendor224,@productDescription224,@quantityInStock224,@buyPrice224,@MSRP224);
INSERT INTO dataclonertestdatabase.orderdetails VALUES('11810','NeiQYhgGuTv0Vyx',@quantityOrdered225,@priceEach225,@orderLineNumber225);
INSERT INTO dataclonertestdatabase.orderdetails VALUES('11810','AiX8mbmYr9LtfPb',@quantityOrdered226,@priceEach226,@orderLineNumber226);
INSERT INTO dataclonertestdatabase.orderdetails VALUES('11810','wz7H3YlXEKOhPL2',@quantityOrdered227,@priceEach227,@orderLineNumber227);
INSERT INTO dataclonertestdatabase.products VALUES('1r57csZyqkyeBMB',@productName228,'5cgsVE13eZkqzjb6AtVD2nTB4ce3TxhE512cAByP1MVcjDGjqb',@productScale228,@productVendor228,@productDescription228,@quantityInStock228,@buyPrice228,@MSRP228);
INSERT INTO dataclonertestdatabase.orderdetails VALUES('11810','1r57csZyqkyeBMB',@quantityOrdered229,@priceEach229,@orderLineNumber229);
INSERT INTO dataclonertestdatabase.products VALUES('IeNEdmFi4t4KPQr',@productName230,'FJAgZWMuzWVOueu1dLxfQzbNhTmYfDUeh1KqsFPPQn0r7wWDvE',@productScale230,@productVendor230,@productDescription230,@quantityInStock230,@buyPrice230,@MSRP230);
INSERT INTO dataclonertestdatabase.orderdetails VALUES('11810','IeNEdmFi4t4KPQr',@quantityOrdered231,@priceEach231,@orderLineNumber231);
INSERT INTO dataclonertestdatabase.products VALUES('n05UJVypp4B3NBa',@productName232,'5cgsVE13eZkqzjb6AtVD2nTB4ce3TxhE512cAByP1MVcjDGjqb',@productScale232,@productVendor232,@productDescription232,@quantityInStock232,@buyPrice232,@MSRP232);
INSERT INTO dataclonertestdatabase.orderdetails VALUES('11810','n05UJVypp4B3NBa',@quantityOrdered233,@priceEach233,@orderLineNumber233);
INSERT INTO dataclonertestdatabase.products VALUES('zMncttqfB9TTwL6',@productName234,'5cgsVE13eZkqzjb6AtVD2nTB4ce3TxhE512cAByP1MVcjDGjqb',@productScale234,@productVendor234,@productDescription234,@quantityInStock234,@buyPrice234,@MSRP234);
INSERT INTO dataclonertestdatabase.orderdetails VALUES('11810','zMncttqfB9TTwL6',@quantityOrdered235,@priceEach235,@orderLineNumber235);
INSERT INTO dataclonertestdatabase.products VALUES('KaBdhJVa9ANfeP2',@productName236,'FJAgZWMuzWVOueu1dLxfQzbNhTmYfDUeh1KqsFPPQn0r7wWDvE',@productScale236,@productVendor236,@productDescription236,@quantityInStock236,@buyPrice236,@MSRP236);
INSERT INTO dataclonertestdatabase.orderdetails VALUES('11810','KaBdhJVa9ANfeP2',@quantityOrdered237,@priceEach237,@orderLineNumber237);
INSERT INTO dataclonertestdatabase.products VALUES('jst8C4U6G3Fuwsz',@productName238,'FJAgZWMuzWVOueu1dLxfQzbNhTmYfDUeh1KqsFPPQn0r7wWDvE',@productScale238,@productVendor238,@productDescription238,@quantityInStock238,@buyPrice238,@MSRP238);
INSERT INTO dataclonertestdatabase.orderdetails VALUES('11810','jst8C4U6G3Fuwsz',@quantityOrdered239,@priceEach239,@orderLineNumber239);
INSERT INTO dataclonertestdatabase.products VALUES('ewNxqldmWgUvtN5',@productName240,'iLRzTw3iiPVOUpHAe4B0IxTxfOG7ujnwObf3wb9sFwAnNMblpf',@productScale240,@productVendor240,@productDescription240,@quantityInStock240,@buyPrice240,@MSRP240);
INSERT INTO dataclonertestdatabase.orderdetails VALUES('11810','ewNxqldmWgUvtN5',@quantityOrdered241,@priceEach241,@orderLineNumber241);
INSERT INTO dataclonertestdatabase.products VALUES('MLxvOqDeUuNnabc',@productName242,'FJAgZWMuzWVOueu1dLxfQzbNhTmYfDUeh1KqsFPPQn0r7wWDvE',@productScale242,@productVendor242,@productDescription242,@quantityInStock242,@buyPrice242,@MSRP242);
INSERT INTO dataclonertestdatabase.orderdetails VALUES('11810','MLxvOqDeUuNnabc',@quantityOrdered243,@priceEach243,@orderLineNumber243);
INSERT INTO dataclonertestdatabase.orders VALUES('11811',@orderDate244,@requiredDate244,@shippedDate244,@status244,@comments244,'1090');
INSERT INTO dataclonertestdatabase.products VALUES('U8Q2w99QMzh0YBe',@productName245,'jn4C2qpxTUTl8HdeJQYwnGWPIXO0kPDvbra3MfqJzVynX93evQ',@productScale245,@productVendor245,@productDescription245,@quantityInStock245,@buyPrice245,@MSRP245);
INSERT INTO dataclonertestdatabase.orderdetails VALUES('11811','U8Q2w99QMzh0YBe',@quantityOrdered246,@priceEach246,@orderLineNumber246);
INSERT INTO dataclonertestdatabase.products VALUES('5kw1Ii7Amjli6dS',@productName247,'jn4C2qpxTUTl8HdeJQYwnGWPIXO0kPDvbra3MfqJzVynX93evQ',@productScale247,@productVendor247,@productDescription247,@quantityInStock247,@buyPrice247,@MSRP247);
INSERT INTO dataclonertestdatabase.orderdetails VALUES('11811','5kw1Ii7Amjli6dS',@quantityOrdered248,@priceEach248,@orderLineNumber248);
INSERT INTO dataclonertestdatabase.payments VALUES('1090','CoHwuZ2PWSlbcNHqigp75x9jQtV8yVoyqAuvBJLGYHdtYk8CAu',@paymentDate249,@amount249);
INSERT INTO dataclonertestdatabase.payments VALUES('1090','bbteEo2c3fNkPhpE6Ajd3CeqYAERu6PiKVEbbESbxQQsjMoDbt',@paymentDate250,@amount250);


ROLLBACK;